software,dataset,ID,accuracy,macro_precision,macro_recall,macro_f1,micro_precision,micro_recall,micro_f1,weighted_precision,weighted_recall,weighted_f1
cb,kidney,s1,0.9233220666344761,0.8505375350092492,0.7653339936037903,0.7925973119699343,0.9233220666344761,0.9233220666344761,0.9233220666344761,0.9449838374567772,0.9233220666344761,0.9312361581695456
cb,kidney,s2,0.9316755190729117,0.8559678262705641,0.7923239939066699,0.8150819392685631,0.9316755190729117,0.9316755190729117,0.9316755190729117,0.9498334816951964,0.9316755190729117,0.9389011059168614
cb,kidney,s3,0.9243324158578395,0.8556341764979793,0.7357753648790998,0.7641969827884834,0.9243324158578395,0.9243324158578395,0.9243324158578395,0.946731042451954,0.9243324158578395,0.9319116279219881
cb,kidney,s4,0.9326379834854411,0.9004460028475609,0.7929474463601388,0.8177300094340332,0.9326379834854411,0.9326379834854411,0.9326379834854411,0.9508382048848892,0.9326379834854411,0.9387424130724967
cb,kidney,s5,0.9288232169588102,0.9065093147106255,0.7852658050974127,0.8181646246090225,0.9288232169588102,0.9288232169588102,0.9288232169588102,0.9505613427806665,0.9288232169588102,0.9365453231543707
