software,dataset,ID,accuracy,macro_precision,macro_recall,macro_f1,micro_precision,micro_recall,micro_f1,weighted_precision,weighted_recall,weighted_f1
cb,PBMC,s1,0.5694079906678332,0.6031629492601377,0.39064257348146136,0.4410686295109151,0.5694079906678332,0.5694079906678332,0.5694079906678332,0.747246798033241,0.5694079906678332,0.6316739455163127
cb,PBMC,s2,0.5660542432195975,0.5390573965436158,0.38213333796211085,0.4304731257736162,0.5660542432195975,0.5660542432195975,0.5660542432195975,0.7516234418390181,0.5660542432195975,0.6284865399519278
cb,PBMC,s3,0.5579615048118985,0.6077770124070377,0.38775210149399986,0.4331938310497563,0.5579615048118985,0.5579615048118985,0.5579615048118985,0.7721047156463057,0.5579615048118985,0.6209884610444248
cb,PBMC,s4,0.5719597550306211,0.5338425747022939,0.3891257127027515,0.43444300100165023,0.5719597550306211,0.5719597550306211,0.5719597550306211,0.7550517350737406,0.5719597550306211,0.6342954040613075
cb,PBMC,s5,0.533649289099526,0.5360897476098331,0.3362431192546987,0.3951608099259338,0.533649289099526,0.533649289099526,0.533649289099526,0.7498599931873818,0.533649289099526,0.606380505520318
