software,dataset,ID,accuracy,macro_precision,macro_recall,macro_f1,micro_precision,micro_recall,micro_f1,weighted_precision,weighted_recall,weighted_f1
ModuCell,kidney,1,0.954225012071463,0.9364912897824107,0.928912144390426,0.9324096952787128,0.954225012071463,0.954225012071463,0.954225012071463,0.9543441320812084,0.954225012071463,0.954189296739815
ModuCell,kidney,2,0.9555287300820859,0.9346896334220287,0.931122329808242,0.9323258705849814,0.9555287300820859,0.9555287300820859,0.9555287300820859,0.9557042122055885,0.9555287300820859,0.9554905225555665
ModuCell,kidney,3,0.9535467671060891,0.9342043045378797,0.9302636177838965,0.9317080610822202,0.9535467671060891,0.9535467671060891,0.9535467671060891,0.9537694425948438,0.9535467671060891,0.9534957155670652
ModuCell,kidney,4,0.9515186633830701,0.9228820665150889,0.9208755663090038,0.920767908247745,0.9515186633830701,0.9515186633830701,0.9515186633830701,0.9527417190495883,0.9515186633830701,0.9517257227462079
ModuCell,kidney,5,0.9506494760732049,0.9226271884528543,0.937097074044817,0.9290448583940706,0.9506494760732049,0.9506494760732049,0.9506494760732049,0.9519192010939094,0.9506494760732049,0.9509279816168064
