software,dataset,ID,accuracy,macro_precision,macro_recall,macro_f1,micro_precision,micro_recall,micro_f1,weighted_precision,weighted_recall,weighted_f1
ModuCell,lung,1,0.9195896176780077,0.9095051418913878,0.8942148456085163,0.8956093992844355,0.9195896176780077,0.9195896176780077,0.9195896176780077,0.921549363543353,0.9195896176780077,0.919706062596932
ModuCell,lung,2,0.9141529287969133,0.9186954702246912,0.8814413729494054,0.8958821451080297,0.9141529287969133,0.9141529287969133,0.9141529287969133,0.9159345641695243,0.9141529287969133,0.9141489474142496
ModuCell,lung,3,0.9214310768151526,0.9063439870949579,0.8809021845020406,0.8825005868991107,0.9214310768151526,0.9214310768151526,0.9214310768151526,0.9236901938927731,0.9214310768151526,0.9213712842981722
ModuCell,lung,4,0.9146790599789547,0.8938075760177483,0.881646783098731,0.8840548726842502,0.9146790599789547,0.9146790599789547,0.9146790599789547,0.9159308212758694,0.9146790599789547,0.9145718732102689
ModuCell,lung,5,0.9203788144510698,0.9029708272229633,0.8926430257093443,0.8928661246082317,0.9203788144510698,0.9203788144510698,0.9203788144510698,0.921402505281331,0.9203788144510698,0.920306718249201
