software,dataset,ID,accuracy,macro_precision,macro_recall,macro_f1,micro_precision,micro_recall,micro_f1,weighted_precision,weighted_recall,weighted_f1
ModuCell,PBMC,1,0.8080344123651211,0.7208582488171678,0.6837749512889735,0.69996160173443,0.8080344123651211,0.8080344123651211,0.8080344123651211,0.8087715424412106,0.8080344123651211,0.8071468602895131
ModuCell,PBMC,2,0.794692330125401,0.708151147838102,0.6813723241756428,0.6884708539769264,0.794692330125401,0.794692330125401,0.794692330125401,0.799249798975333,0.794692330125401,0.7903273550583726
ModuCell,PBMC,3,0.8019830854476524,0.7337124129130299,0.7041758085997661,0.7125668295346622,0.8019830854476524,0.8019830854476524,0.8019830854476524,0.8062801323278451,0.8019830854476524,0.801628166066921
ModuCell,PBMC,4,0.7798920968212307,0.7679368015024732,0.6702011079926348,0.6922362118032047,0.7798920968212307,0.7798920968212307,0.7798920968212307,0.7921233771210869,0.7798920968212307,0.7780935256276855
ModuCell,PBMC,5,0.7971563981042654,0.7618794531655972,0.706105717172019,0.7215133053068888,0.7971563981042654,0.7971563981042654,0.7971563981042654,0.7987812460394135,0.7971563981042654,0.7958816308423321
