software,dataset,ID,accuracy,macro_precision,macro_recall,macro_f1,micro_precision,micro_recall,micro_f1,weighted_precision,weighted_recall,weighted_f1
ModuCell,hPancreas,1,0.9761977418370461,0.9273408063121512,0.9583094517694818,0.9402534375652117,0.9761977418370461,0.9761977418370461,0.9761977418370461,0.9767970365973783,0.9761977418370461,0.9762706157832135
ModuCell,hPancreas,2,0.9807750991760756,0.9422748484927822,0.9658214563991651,0.9514891293710301,0.9807750991760756,0.9807750991760756,0.9807750991760756,0.981220455845934,0.9807750991760756,0.980882112724565
ModuCell,hPancreas,3,0.9853479853479854,0.9497604259920547,0.9853917724244433,0.9615730573130435,0.9853479853479854,0.9853479853479854,0.9853479853479854,0.9855490261167876,0.9853479853479854,0.9853830676380109
ModuCell,hPancreas,4,0.9798534798534798,0.949267614253607,0.9261107634060063,0.9315224219524224,0.9798534798534798,0.9798534798534798,0.9798534798534798,0.9802019977082799,0.9798534798534798,0.9797961498795635
ModuCell,hPancreas,5,0.9850427350427351,0.9737885368642949,0.9858202122225936,0.97949222303538,0.9850427350427351,0.9850427350427351,0.9850427350427351,0.9852275570696416,0.9850427350427351,0.9850432395307347
