software,dataset,ID,accuracy,macro_precision,macro_recall,macro_f1,micro_precision,micro_recall,micro_f1,weighted_precision,weighted_recall,weighted_f1
scBert,PBMC,1,0.7579408543263965,0.7262818582748348,0.632306274346579,0.6570950691845816,0.7579408543263965,0.7579408543263965,0.7579408543263965,0.7561885150224482,0.7579408543263965,0.7540438464838082
scBert,PBMC,2,0.7554240631163708,0.6737407456127851,0.633091247507836,0.6487833513667026,0.7554240631163708,0.7554240631163708,0.7554240631163708,0.7490298408475681,0.7554240631163708,0.749917988275945
scBert,PBMC,3,0.744666861484512,0.6677167733642478,0.6169792532405142,0.637320348105531,0.744666861484512,0.744666861484512,0.744666861484512,0.7381929672979528,0.744666861484512,0.7392314593518374
scBert,PBMC,4,0.758257819351067,0.6776218133036375,0.6388220014148093,0.6534873338586044,0.758257819351067,0.758257819351067,0.758257819351067,0.7533632813470506,0.758257819351067,0.7535356051826634
scBert,PBMC,5,0.7490871914707171,0.760585690991768,0.6289661999676954,0.6550903396509086,0.7490871914707171,0.7490871914707171,0.7490871914707171,0.744570242787433,0.7490871914707171,0.7435935029615318
