software,dataset,ID,accuracy,macro_precision,macro_recall,macro_f1,micro_precision,micro_recall,micro_f1,weighted_precision,weighted_recall,weighted_f1
scmap_cluster,PBMC,1,0.033974919801691456,0.47046292280652136,0.11172436295393771,0.1321280637413551,0.033974919801691456,0.033974919801691456,0.033974919801691456,0.6752302701794667,0.033974919801691456,0.041603444410809785
scmap_cluster,PBMC,2,0.029819189268008167,0.4373824742017532,0.11097757797468044,0.12591939034394692,0.029819189268008167,0.029819189268008167,0.029819189268008167,0.6035483064842962,0.029819189268008167,0.0353960550316511
scmap_cluster,PBMC,3,0.03295421405657626,0.550220940527958,0.1025688299654942,0.12163896725679764,0.03295421405657626,0.03295421405657626,0.03295421405657626,0.6881219012728123,0.03295421405657626,0.039205209933612435
scmap_cluster,PBMC,4,0.03237095363079615,0.48967419018149294,0.10998827075469986,0.1261188608673308,0.03237095363079615,0.03237095363079615,0.03237095363079615,0.6662497601261519,0.03237095363079615,0.037838210043936824
scmap_cluster,PBMC,5,0.03222748815165877,0.4573991441034326,0.10724542924393465,0.12366063777056842,0.03222748815165877,0.03222748815165877,0.03222748815165877,0.6413691876748818,0.03222748815165877,0.03882504511027315
