software,dataset,ID,accuracy,macro_precision,macro_recall,macro_f1,micro_precision,micro_recall,micro_f1,weighted_precision,weighted_recall,weighted_f1
scmap_cell,lung,1,0.6907225534900036,0.8703634041374702,0.5603639652449963,0.6464263256140451,0.6907225534900036,0.6907225534900036,0.6907225534900036,0.9362444004121294,0.6907225534900036,0.7749206307123335
scmap_cell,lung,2,0.694668537355314,0.8398482163519887,0.5395065668759069,0.627429759282911,0.694668537355314,0.694668537355314,0.694668537355314,0.9232417494795412,0.694668537355314,0.7763811601212312
scmap_cell,lung,3,0.7008067344791301,0.8200072565082828,0.5361108513967546,0.6180011021309239,0.7008067344791301,0.7008067344791301,0.7008067344791301,0.9317542867458721,0.7008067344791301,0.7814854380298315
scmap_cell,lung,4,0.7072956857243072,0.8186977366404892,0.537685219920706,0.6208391194583511,0.7072956857243072,0.7072956857243072,0.7072956857243072,0.9242212628402867,0.7072956857243072,0.7827193382673141
scmap_cell,lung,5,0.6972991932655209,0.8965614792750818,0.5390866577741877,0.6268139605227793,0.6972991932655209,0.6972991932655209,0.6972991932655209,0.938100609742215,0.6972991932655209,0.7793925542485219
