software,dataset,ID,accuracy,macro_precision,macro_recall,macro_f1,micro_precision,micro_recall,micro_f1,weighted_precision,weighted_recall,weighted_f1
scmap_cluster,kidney,1,0.5684693384838242,0.6949694217501824,0.6167819298555094,0.5727581114963004,0.5684693384838242,0.5684693384838242,0.5684693384838242,0.8745879454026687,0.5684693384838242,0.6229048683477199
scmap_cluster,kidney,2,0.5657653307580879,0.652983927483752,0.6209944434658077,0.5676738403656432,0.5657653307580879,0.5657653307580879,0.5657653307580879,0.7672578822663033,0.5657653307580879,0.6180913690952159
scmap_cluster,kidney,3,0.5786373074508667,0.659793467579517,0.6279734816128324,0.5764580738554761,0.5786373074508667,0.5786373074508667,0.5786373074508667,0.7687074825681951,0.5786373074508667,0.6299150877021729
scmap_cluster,kidney,4,0.5757400164179826,0.6899400832005066,0.6172210403700634,0.5704249326874765,0.5757400164179826,0.5757400164179826,0.5757400164179826,0.8795818648392623,0.5757400164179826,0.629896833430845
scmap_cluster,kidney,5,0.5666135496643971,0.6590954611476412,0.6238180157615449,0.5683035359550923,0.5666135496643971,0.5666135496643971,0.5666135496643971,0.7713708029893331,0.5666135496643971,0.6177763478403153
