software,dataset,ID,accuracy,macro_precision,macro_recall,macro_f1,micro_precision,micro_recall,micro_f1,weighted_precision,weighted_recall,weighted_f1
scmap_cell,hPancreas,1,0.9392737259688739,0.7161977611126441,0.5881058475022383,0.6280153791142643,0.9392737259688739,0.9392737259688739,0.9392737259688739,0.980521700649967,0.9392737259688739,0.9567709599186401
scmap_cell,hPancreas,2,0.9365273115654562,0.7190624423819894,0.5727682255762123,0.6131359007906829,0.9365273115654562,0.9365273115654562,0.9365273115654562,0.980110622507849,0.9365273115654562,0.9543647093901059
scmap_cell,hPancreas,3,0.9340659340659341,0.7215980452614686,0.5439691967490314,0.5821857310295975,0.9340659340659341,0.9340659340659341,0.9340659340659341,0.9829192555988963,0.9340659340659341,0.952295940296486
scmap_cell,hPancreas,4,0.942002442002442,0.7073485769223484,0.5609926764439128,0.5932787265893423,0.942002442002442,0.942002442002442,0.942002442002442,0.9799246646395643,0.942002442002442,0.9566148903726782
scmap_cell,hPancreas,5,0.9447496947496947,0.718016501802408,0.5946002044145936,0.6260493901327594,0.9447496947496947,0.9447496947496947,0.9447496947496947,0.9836618046346464,0.9447496947496947,0.9594307323931193
