software,dataset,ID,accuracy,macro_precision,macro_recall,macro_f1,micro_precision,micro_recall,micro_f1,weighted_precision,weighted_recall,weighted_f1
singleR,kidney,coldata1,0.7934331240946403,0.7728920979471468,0.8503016678620459,0.7960592351474065,0.7934331240946403,0.7934331240946403,0.7934331240946403,0.8381110569682697,0.7934331240946403,0.8011613022907796
singleR,kidney,coldata2,0.8008691453404153,0.7775702963336402,0.8642117808776948,0.8037120142996865,0.8008691453404153,0.8008691453404153,0.8008691453404153,0.8411860771835284,0.8008691453404153,0.8078326086159251
singleR,kidney,coldata3,0.8086822154618765,0.7945278758899204,0.859969164483904,0.8142058625374063,0.8086822154618765,0.8086822154618765,0.8086822154618765,0.8461250305931288,0.8086822154618765,0.8155380980325687
singleR,kidney,coldata4,0.7974310686175093,0.7676046364538059,0.8462090370122585,0.7905985222409554,0.7974310686175093,0.7974310686175093,0.7974310686175093,0.8399644701605058,0.7974310686175093,0.805210548320429
singleR,kidney,coldata5,0.8091168091168092,0.7893200415618327,0.8742494959622438,0.816922078129333,0.8091168091168092,0.8091168091168092,0.8091168091168092,0.8469056497214505,0.8091168091168092,0.815623115631172
