software,dataset,ID,accuracy,macro_precision,macro_recall,macro_f1,micro_precision,micro_recall,micro_f1,weighted_precision,weighted_recall,weighted_f1
singleR,hPancreas,coldata1,0.9661275556911809,0.9276520179531441,0.9207022767424525,0.9191818967230984,0.9661275556911809,0.9661275556911809,0.9661275556911809,0.9679257555860585,0.9661275556911809,0.9663018640814521
singleR,hPancreas,coldata2,0.9636862984436985,0.9601114375913031,0.9429756166784217,0.9502107146900821,0.9636862984436985,0.9636862984436985,0.9636862984436985,0.9663770101062156,0.9636862984436985,0.9639260377413739
singleR,hPancreas,coldata3,0.9688644688644689,0.8825659895044861,0.8829320576922676,0.8806893305355051,0.9688644688644689,0.9688644688644689,0.9688644688644689,0.9701960375816385,0.9688644688644689,0.9689325553651247
singleR,hPancreas,coldata4,0.9636752136752137,0.9058121416876871,0.9323190115527533,0.909185247245808,0.9636752136752137,0.9636752136752137,0.9636752136752137,0.9658764885252072,0.9636752136752137,0.9637026217458404
singleR,hPancreas,coldata5,0.9685592185592186,0.9691295076737981,0.9648326509262181,0.9656361959375597,0.9685592185592186,0.9685592185592186,0.9685592185592186,0.9702247693435493,0.9685592185592186,0.9686945220266168
