software,dataset,ID,accuracy,macro_precision,macro_recall,macro_f1,micro_precision,micro_recall,micro_f1,weighted_precision,weighted_recall,weighted_f1
TOSICA,hPancreas,1,0.9716203844980165,0.8643830297237927,0.9398056680422601,0.8929070640036779,0.9716203844980165,0.9716203844980165,0.9716203844980165,0.9733490460762033,0.9716203844980165,0.972188408537345
TOSICA,hPancreas,2,0.9737564845895637,0.8476451099458002,0.9213697525496272,0.8776957127309108,0.9737564845895637,0.9737564845895637,0.9737564845895637,0.9759743146171339,0.9737564845895637,0.9744330376900495
TOSICA,hPancreas,3,0.981074481074481,0.8945591273497431,0.9858490907700789,0.9293084906986693,0.981074481074481,0.981074481074481,0.981074481074481,0.9819565316889822,0.981074481074481,0.9813262891479549
TOSICA,hPancreas,4,0.9706959706959707,0.8683318444933373,0.9403191500791416,0.8916861659603993,0.9706959706959707,0.9706959706959707,0.9706959706959707,0.9716309610461588,0.9706959706959707,0.9709867928674553
TOSICA,hPancreas,5,0.9771062271062271,0.8615959802380104,0.9799020135024493,0.9031965663350192,0.9771062271062271,0.9771062271062271,0.9771062271062271,0.979311465112027,0.9771062271062271,0.977822111761283
