software,dataset,ID,accuracy,macro_precision,macro_recall,macro_f1,micro_precision,micro_recall,micro_f1,weighted_precision,weighted_recall,weighted_f1
TOSICA,lung,1,0.9014380918975798,0.8185985413745179,0.8863356455389156,0.8451353399092159,0.9014380918975798,0.9014380918975798,0.9014380918975798,0.9056707444040175,0.9014380918975798,0.9028727420063485
TOSICA,lung,2,0.900736583654858,0.8181476952945036,0.8714410807684837,0.840167296019125,0.900736583654858,0.900736583654858,0.900736583654858,0.9052448967446862,0.900736583654858,0.9022822984582014
TOSICA,lung,3,0.9033672395650649,0.8342860229240258,0.899370189373348,0.8598356073727836,0.9033672395650649,0.9033672395650649,0.9033672395650649,0.9075145149360188,0.9033672395650649,0.9048166559335504
TOSICA,lung,4,0.8959137144861452,0.8202566210248127,0.8730414360019584,0.8416466567336337,0.8959137144861452,0.8959137144861452,0.8959137144861452,0.8987230410059668,0.8959137144861452,0.8968074903871278
TOSICA,lung,5,0.8973167309715889,0.8217668572538301,0.8674684640253406,0.8389180788840104,0.8973167309715889,0.8973167309715889,0.8973167309715889,0.9022602261958493,0.8973167309715889,0.8990033089434711
