software,dataset,ID,accuracy,macro_precision,macro_recall,macro_f1,micro_precision,micro_recall,micro_f1,weighted_precision,weighted_recall,weighted_f1
TOSICA,PBMC,1,0.6851851851851852,0.6122549050719382,0.6055033309590028,0.6012187520413497,0.6851851851851852,0.6851851851851852,0.6851851851851852,0.7034512854693618,0.6851851851851852,0.68463065645036
TOSICA,PBMC,2,0.691819772528434,0.5949202738530013,0.6206902120993548,0.6037679660912295,0.691819772528434,0.691819772528434,0.691819772528434,0.7086376682075586,0.691819772528434,0.6944689958059407
TOSICA,PBMC,3,0.6808836395450568,0.5942638496214924,0.6158365956281486,0.5988037889972154,0.6808836395450568,0.6808836395450568,0.6808836395450568,0.711586475888942,0.6808836395450568,0.6874652477197788
TOSICA,PBMC,4,0.6681977252843394,0.615158892607674,0.646888881977729,0.6152327969628223,0.6681977252843394,0.6681977252843394,0.6681977252843394,0.72387225184383,0.6681977252843394,0.6839320381733994
TOSICA,PBMC,5,0.6849434925264309,0.6124530464108218,0.6490854317240619,0.6223136525193909,0.6849434925264309,0.6849434925264309,0.6849434925264309,0.7076504424118083,0.6849434925264309,0.6901905188030877
