software,dataset,ID,accuracy,macro_precision,macro_recall,macro_f1,micro_precision,micro_recall,micro_f1,weighted_precision,weighted_recall,weighted_f1
TOSICA,kidney,1,0.9447609850313858,0.8757976695299563,0.9094867791635779,0.8912458897248399,0.9447609850313858,0.9447609850313858,0.9447609850313858,0.9464122256491067,0.9447609850313858,0.9452466636339858
TOSICA,kidney,2,0.9397875422501207,0.8738346931410278,0.9046335429851371,0.8879081877905296,0.9397875422501207,0.9397875422501207,0.9397875422501207,0.9416616446017924,0.9397875422501207,0.9404062299053109
TOSICA,kidney,3,0.9438891303298083,0.8878686141286981,0.9146741532160837,0.8997166074722373,0.9438891303298083,0.9438891303298083,0.9438891303298083,0.9453567924762533,0.9438891303298083,0.9442762478322466
TOSICA,kidney,4,0.9449514703751992,0.8904771743054822,0.911030770876707,0.8980705596404363,0.9449514703751992,0.9449514703751992,0.9449514703751992,0.9467506420932622,0.9449514703751992,0.9453079637320438
TOSICA,kidney,5,0.9430199430199431,0.8856299231156112,0.9161595246166613,0.8994043496079973,0.9430199430199431,0.9430199430199431,0.9430199430199431,0.9444535895739811,0.9430199430199431,0.9433792648960816
