software,dataset,ID,accuracy,macro_precision,macro_recall,macro_f1,micro_precision,micro_recall,micro_f1,weighted_precision,weighted_recall,weighted_f1
cb,hPancreas,s1,0.9755874275251755,0.8513185272928813,0.7175700501329612,0.7578794390116645,0.9755874275251755,0.9755874275251755,0.9755874275251755,0.9807181541907979,0.9755874275251755,0.9772827703137638
cb,hPancreas,s2,0.9774183704607873,0.8220600424414846,0.7475134157127773,0.7757945771848094,0.9774183704607873,0.9774183704607873,0.9774183704607873,0.9831510095732676,0.9774183704607873,0.979965828644367
cb,hPancreas,s3,0.9807692307692307,0.8183771741318032,0.7970080897899655,0.8044077494156764,0.9807692307692307,0.9807692307692307,0.9807692307692307,0.9848190414959052,0.9807692307692307,0.9826294108052313
cb,hPancreas,s4,0.9777167277167277,0.7974230594283209,0.6807471184518619,0.7145379444875397,0.9777167277167277,0.9777167277167277,0.9777167277167277,0.9839126414372524,0.9777167277167277,0.9798948401560686
cb,hPancreas,s5,0.9813797313797313,0.8530534140423477,0.8126817061770653,0.8281766811722667,0.9813797313797313,0.9813797313797313,0.9813797313797313,0.9840359514413975,0.9813797313797313,0.9823607504374116
