software,dataset,ID,accuracy,macro_precision,macro_recall,macro_f1,micro_precision,micro_recall,micro_f1,weighted_precision,weighted_recall,weighted_f1
cb,lung,s1,0.8841634514205542,0.7698202602237132,0.6361012546157508,0.6770330260505345,0.8841634514205542,0.8841634514205542,0.8841634514205542,0.921143026778264,0.8841634514205542,0.8996654213461505
cb,lung,s2,0.8730270080673448,0.7707822687247963,0.6177344448293262,0.6583900936432457,0.8730270080673448,0.8730270080673448,0.8730270080673448,0.9168477700206277,0.8730270080673448,0.8907084633500588
cb,lung,s3,0.8844265170115749,0.8547574400424108,0.6416514709259761,0.6849911280392308,0.8844265170115749,0.8844265170115749,0.8844265170115749,0.9272560974417882,0.8844265170115749,0.9001304185408927
cb,lung,s4,0.8710978603998597,0.7759832804990242,0.6156115131927214,0.655334026808998,0.8710978603998597,0.8710978603998597,0.8710978603998597,0.9150983987895979,0.8710978603998597,0.8881587904198729
cb,lung,s5,0.881795861101368,0.8215694080850068,0.627636174046649,0.6673027960685677,0.881795861101368,0.881795861101368,0.881795861101368,0.9242658310492763,0.881795861101368,0.8976207696253423
