software,dataset,ID,accuracy,macro_precision,macro_recall,macro_f1,micro_precision,micro_recall,micro_f1,weighted_precision,weighted_recall,weighted_f1
scBert,kidney,1,0.9572187349106712,0.9456304365711438,0.913381422454262,0.9269734755531761,0.9572187349106712,0.9572187349106712,0.9572187349106712,0.9572885756543627,0.9572187349106712,0.9570832106746543
scBert,kidney,2,0.9553355866731048,0.9474425960746891,0.9146408674034647,0.9295202062646039,0.9553355866731048,0.9553355866731048,0.9553355866731048,0.9550844043893489,0.9553355866731048,0.9548812839077978
scBert,kidney,3,0.9574098218166015,0.9472106710634911,0.9050968816270353,0.9221951435373357,0.9574098218166015,0.9574098218166015,0.9574098218166015,0.9574959543675787,0.9574098218166015,0.9572435954513087
