software,dataset,ID,accuracy,macro_precision,macro_recall,macro_f1,micro_precision,micro_recall,micro_f1,weighted_precision,weighted_recall,weighted_f1
scBert,hPancreas,1,0.9566676838571865,0.7321045666901155,0.6538791430247614,0.6643888562520278,0.9566676838571865,0.9566676838571865,0.9566676838571865,0.953593634813524,0.9566676838571865,0.9535259203627887
scBert,hPancreas,2,0.958193469636863,0.6767011294917474,0.6480689560743064,0.6605390426302693,0.958193469636863,0.958193469636863,0.958193469636863,0.9518149121379096,0.958193469636863,0.9546024085475374
scBert,hPancreas,3,0.9621489621489622,0.7309894449107507,0.663855893795329,0.6804132737502481,0.9621489621489622,0.9621489621489622,0.9621489621489622,0.9586833089875054,0.9621489621489622,0.9595727490472542
scBert,hPancreas,4,0.96001221001221,0.7328945273836416,0.6482287685368481,0.6633799773465465,0.96001221001221,0.96001221001221,0.96001221001221,0.9563687443131839,0.96001221001221,0.9567140283155281
scBert,hPancreas,5,0.9630647130647131,0.7308699721178691,0.6570402336829743,0.6654373643372757,0.9630647130647131,0.9630647130647131,0.9630647130647131,0.9622584877304095,0.9630647130647131,0.960586399047114
