software,dataset,ID,accuracy,macro_precision,macro_recall,macro_f1,micro_precision,micro_recall,micro_f1,weighted_precision,weighted_recall,weighted_f1
scBert,lung,1,0.9194142406173272,0.9338707948471726,0.8663477196593732,0.8954846939929111,0.9194142406173272,0.9194142406173272,0.9194142406173272,0.9189592021350615,0.9194142406173272,0.9183494191112124
scBert,lung,2,0.9159066994037179,0.93193944067213,0.8267993363683113,0.8624191789809907,0.9159066994037179,0.9159066994037179,0.9159066994037179,0.9158188849411266,0.9159066994037179,0.9148372463188869
scBert,lung,3,0.9218695194668537,0.9322105163944837,0.8746181304794259,0.8998776276036625,0.9218695194668537,0.9218695194668537,0.9218695194668537,0.9215860417520234,0.9218695194668537,0.9212395721813433
scBert,lung,4,0.9143283058575938,0.9338963500225907,0.8592088986671219,0.8862371926888728,0.9143283058575938,0.9143283058575938,0.9143283058575938,0.914209463019558,0.9143283058575938,0.9128209274464927
scBert,lung,5,0.9182742897229043,0.9185807024933663,0.842298794321931,0.8734728183589949,0.9182742897229043,0.9182742897229043,0.9182742897229043,0.917814216813051,0.9182742897229043,0.9175104192010275
