software,dataset,ID,accuracy,macro_precision,macro_recall,macro_f1,micro_precision,micro_recall,micro_f1,weighted_precision,weighted_recall,weighted_f1
scmap_cluster,hPancreas,1,0.9136405248703082,0.800444969002042,0.6762254369414392,0.7159991044383182,0.9136405248703082,0.9136405248703082,0.9136405248703082,0.9656420964596814,0.9136405248703082,0.9376988130151098
scmap_cluster,hPancreas,2,0.9218797680805615,0.8026856495410047,0.7299776966555188,0.7578385442727882,0.9218797680805615,0.9218797680805615,0.9218797680805615,0.9664304718869687,0.9218797680805615,0.9426680523956649
scmap_cluster,hPancreas,3,0.9252136752136753,0.80347579933104,0.7124023419111375,0.7384055974207981,0.9252136752136753,0.9252136752136753,0.9252136752136753,0.9660905432701573,0.9252136752136753,0.9439619325116647
scmap_cluster,hPancreas,4,0.9145299145299145,0.8243822808557686,0.7307612660663789,0.7665351940001344,0.9145299145299145,0.9145299145299145,0.9145299145299145,0.961587108202255,0.9145299145299145,0.9359903134313791
scmap_cluster,hPancreas,5,0.9282661782661783,0.8814342929007369,0.7614393795994268,0.8034129413888977,0.9282661782661783,0.9282661782661783,0.9282661782661783,0.9698233325326866,0.9282661782661783,0.9476195021247155
