software,dataset,ID,accuracy,macro_precision,macro_recall,macro_f1,micro_precision,micro_recall,micro_f1,weighted_precision,weighted_recall,weighted_f1
scmap_cluster,lung,1,0.5370045598035776,0.7420794793279236,0.6706016406830442,0.6146572428762422,0.5370045598035776,0.5370045598035776,0.5370045598035776,0.908388323864931,0.5370045598035776,0.6156220149911443
scmap_cluster,lung,2,0.5351631006664328,0.7211406754329048,0.6423661218926744,0.5918518239886494,0.5351631006664328,0.5351631006664328,0.5351631006664328,0.905173060413249,0.5351631006664328,0.6162348981424054
scmap_cluster,lung,3,0.5329708874079271,0.7369394749948649,0.6702674798800967,0.6040011272614129,0.5329708874079271,0.5329708874079271,0.5329708874079271,0.9147833304019843,0.5329708874079271,0.6118113365967944
scmap_cluster,lung,4,0.5467379866713434,0.726322159896791,0.6569395456788603,0.6027517634673611,0.5467379866713434,0.5467379866713434,0.5467379866713434,0.9076993502680106,0.5467379866713434,0.6281580286866105
scmap_cluster,lung,5,0.5467379866713434,0.7427755100970997,0.6637830748375687,0.6130303726966453,0.5467379866713434,0.5467379866713434,0.5467379866713434,0.9126054705586197,0.5467379866713434,0.6286604805551061
