software,dataset,ID,accuracy,macro_precision,macro_recall,macro_f1,micro_precision,micro_recall,micro_f1,weighted_precision,weighted_recall,weighted_f1
scmap_cell,PBMC,1,0.18868474773986585,0.5192684119061787,0.19603188509221914,0.25940348303730026,0.18868474773986585,0.18868474773986585,0.18868474773986585,0.670317709031334,0.18868474773986585,0.27397261809056633
scmap_cell,PBMC,2,0.19291338582677164,0.5051573264067183,0.20196363830634265,0.2649733166115524,0.19291338582677164,0.19291338582677164,0.19291338582677164,0.6600160954639486,0.19291338582677164,0.28057245278383675
scmap_cell,PBMC,3,0.1942257217847769,0.5395123518416706,0.1947626102837637,0.26305415529373405,0.1942257217847769,0.1942257217847769,0.1942257217847769,0.6881836796968601,0.1942257217847769,0.28183974677945417
scmap_cell,PBMC,4,0.1931321084864392,0.5199580397984022,0.19356712246370597,0.26105603166893776,0.1931321084864392,0.1931321084864392,0.1931321084864392,0.6713289855767924,0.1931321084864392,0.2820390747683057
scmap_cell,PBMC,5,0.18899015676266862,0.5059272045723088,0.1926667471568412,0.2566373456361311,0.18899015676266862,0.18899015676266862,0.18899015676266862,0.664053335827304,0.18899015676266862,0.2755374056134891
