software,dataset,ID,accuracy,macro_precision,macro_recall,macro_f1,micro_precision,micro_recall,micro_f1,weighted_precision,weighted_recall,weighted_f1
scmap_cell,kidney,1,0.7958957025591502,0.8725759853582199,0.5895760994042197,0.6788245165313072,0.7958957025591502,0.7958957025591502,0.7958957025591502,0.9595115463022288,0.7958957025591502,0.8571368142883803
scmap_cell,kidney,2,0.8023660067600193,0.8477520700814976,0.6040798059679303,0.6936021782899188,0.8023660067600193,0.8023660067600193,0.8023660067600193,0.9573219956363072,0.8023660067600193,0.8641596770265352
scmap_cell,kidney,3,0.7982036795596118,0.8638797801901709,0.5968160096507653,0.6880181168044642,0.7982036795596118,0.7982036795596118,0.7982036795596118,0.9569106179564421,0.7982036795596118,0.8603308024111401
scmap_cell,kidney,4,0.8039016852576175,0.8678682259194411,0.603756153293731,0.6935373792158829,0.8039016852576175,0.8039016852576175,0.8039016852576175,0.9584066825810562,0.8039016852576175,0.8634313981592859
scmap_cell,kidney,5,0.7945820657685064,0.8808128698551302,0.5904960455886997,0.6836752781609483,0.7945820657685064,0.7945820657685064,0.7945820657685064,0.9598306594975029,0.7945820657685064,0.8573213111001028
