software,dataset,ID,accuracy,macro_precision,macro_recall,macro_f1,micro_precision,micro_recall,micro_f1,weighted_precision,weighted_recall,weighted_f1
singleR,PBMC,coldata1,0.3780985710119568,0.6098609485462659,0.5097539928519561,0.43833808365726484,0.3780985710119568,0.3780985710119568,0.3780985710119568,0.7196498168796737,0.3780985710119568,0.40996345233119563
singleR,PBMC,coldata2,0.3740886555847186,0.6025088874500976,0.5001331501234751,0.43278414718463193,0.3740886555847186,0.3740886555847186,0.3740886555847186,0.7144923962570362,0.3740886555847186,0.4057317210009141
singleR,PBMC,coldata3,0.36344415281423154,0.6077265171545855,0.4906740422520058,0.4188440665231228,0.36344415281423154,0.36344415281423154,0.36344415281423154,0.725339171000538,0.36344415281423154,0.3911173176413076
singleR,PBMC,coldata4,0.38896179644211143,0.6074847674304177,0.4990286655516368,0.4308634855649373,0.38896179644211143,0.38896179644211143,0.38896179644211143,0.7217075206694112,0.38896179644211143,0.4222370772444016
singleR,PBMC,coldata5,0.3709806780896828,0.6159819105466977,0.4986990417295079,0.4278830588908514,0.3709806780896828,0.3709806780896828,0.3709806780896828,0.7313073648495534,0.3709806780896828,0.4021821678246218
