software,dataset,ID,accuracy,macro_precision,macro_recall,macro_f1,micro_precision,micro_recall,micro_f1,weighted_precision,weighted_recall,weighted_f1
singleR,lung,coldata1,0.8605752367590319,0.8158108136641298,0.8887774059998236,0.8363089778309397,0.8605752367590319,0.8605752367590319,0.8605752367590319,0.8748011395917559,0.8605752367590319,0.8637532827492895
singleR,lung,coldata2,0.8593475973342687,0.810402504693321,0.8677380893531172,0.8226226071360118,0.8593475973342687,0.8593475973342687,0.8593475973342687,0.8734898845059064,0.8593475973342687,0.8624456917737887
singleR,lung,coldata3,0.8661873027008067,0.8165916595606332,0.8942166890423761,0.8388635690859059,0.8661873027008067,0.8661873027008067,0.8661873027008067,0.8793210370891007,0.8661873027008067,0.868611107486447
singleR,lung,coldata4,0.8547001052262364,0.8039606342292128,0.8759538723199097,0.8247391510894466,0.8547001052262364,0.8547001052262364,0.8547001052262364,0.870092529738993,0.8547001052262364,0.858598052166791
singleR,lung,coldata5,0.8622413188354963,0.8215846312139322,0.878441227233852,0.8364921704747053,0.8622413188354963,0.8622413188354963,0.8622413188354963,0.8757343829261413,0.8622413188354963,0.8648890231098314
